{"cameraMode":{"drawMode":0,"name":"Shaded","section":"Shading Mode"},"sceneLighting":true,"audioPlay":false,"sceneViewState":{"m_AlwaysRefresh":false,"showFog":true,"showSkybox":true,"showFlares":true,"showImageEffects":true,"showParticleSystems":true,"showVisualEffectGraphs":true,"m_FxEnabled":true},"in2DMode":false,"pivot":{"x":-0.28317415714263918,"y":1.40303635597229,"z":0.8563436269760132},"rotation":{"x":-0.10161331295967102,"y":-0.0217879731208086,"z":0.00222670566290617,"w":-0.9946171045303345},"size":0.7093574404716492,"orthographic":false}